,0,2000,4000,6000,8000,10000
1,75000,84918,95706,100000,100000,100000
2,75000,83250,92226,100000,100000,100000
3,75000,84702,95226,100000,100000,100000
4,75000,84870,95538,100000,100000,100000
5,75000,84882,95580,100000,100000,100000
6,75000,84024,93984,100000,100000,100000
7,75000,83970,93600,100000,100000,100000
8,75000,83238,92214,100000,100000,100000
9,75000,82572,90744,99810,100000,100000
10,75000,84378,94866,100000,100000,100000
11,75000,84906,95748,100000,100000,100000
12,75000,82950,91590,100000,100000,100000
13,75000,82212,90090,98892,100000,100000
14,75000,84786,95538,100000,100000,100000
15,75000,82098,90018,98400,100000,100000
16,75000,82026,89946,98556,100000,100000
17,75000,81834,89394,97632,100000,100000
18,75000,84534,94998,100000,100000,100000
19,75000,84852,95634,100000,100000,100000
20,75000,83784,93252,100000,100000,100000
21,75000,82338,90354,99042,100000,100000
22,75000,82506,90630,99426,100000,100000
23,75000,83676,93186,100000,100000,100000
24,75000,84648,95406,100000,100000,100000
25,75000,85038,95982,100000,100000,100000
26,75000,84342,94620,100000,100000,100000
27,75000,83094,91764,100000,100000,100000
28,75000,84780,95304,100000,100000,100000
29,75000,83946,93564,100000,100000,100000
30,75000,82314,90270,98730,100000,100000
31,75000,83172,92076,100000,100000,100000
32,75000,82830,91578,100000,100000,100000
33,75000,84186,94128,100000,100000,100000
34,75000,83796,93456,100000,100000,100000
35,75000,84384,94848,100000,100000,100000
36,75000,84786,95340,100000,100000,100000
37,75000,82290,90180,98820,100000,100000
38,75000,82854,91476,100000,100000,100000
39,75000,84192,94212,100000,100000,100000
40,75000,84228,94410,100000,100000,100000
41,75000,82116,89880,98376,100000,100000
42,75000,82158,90288,98970,100000,100000
43,75000,82122,89646,97986,100000,100000
44,75000,82188,90126,98820,100000,100000
45,75000,82866,91326,100000,100000,100000
46,75000,82800,91176,100000,100000,100000
47,75000,82368,90192,99024,100000,100000
48,75000,83418,92820,100000,100000,100000
49,75000,85086,95934,100000,100000,100000
50,75000,83928,93468,100000,100000,100000
51,75000,83454,92406,100000,100000,100000
52,75000,82530,90642,99648,100000,100000
53,75000,84114,93852,100000,100000,100000
54,75000,82944,91710,100000,100000,100000
55,75000,83460,92586,100000,100000,100000
56,75000,82308,90360,99054,100000,100000
57,75000,84048,93822,100000,100000,100000
58,75000,83370,92358,100000,100000,100000
59,75000,84534,94932,100000,100000,100000
60,75000,83112,92136,100000,100000,100000
61,75000,82032,89976,98538,100000,100000
62,75000,84930,95976,100000,100000,100000
63,75000,83040,91890,100000,100000,100000
64,75000,83112,92154,100000,100000,100000
65,75000,83886,93702,100000,100000,100000
66,75000,82152,89946,98382,100000,100000
67,75000,82752,91158,100000,100000,100000
68,75000,83004,91548,100000,100000,100000
69,75000,82032,89904,98208,100000,100000
70,75000,82644,91068,100000,100000,100000
71,75000,84630,95016,100000,100000,100000
72,75000,82158,89994,98514,100000,100000
73,75000,82632,90966,100000,100000,100000
74,75000,83466,92652,100000,100000,100000
75,75000,84576,94656,100000,100000,100000
76,75000,84390,94758,100000,100000,100000
77,75000,84270,94542,100000,100000,100000
78,75000,84642,95304,100000,100000,100000
79,75000,83988,93744,100000,100000,100000
80,75000,82740,91386,100000,100000,100000
81,75000,84438,94662,100000,100000,100000
82,75000,82482,90552,99444,100000,100000
83,75000,84546,95106,100000,100000,100000
84,75000,84870,95304,100000,100000,100000
85,75000,83340,92448,100000,100000,100000
86,75000,84306,94356,100000,100000,100000
87,75000,82896,91680,100000,100000,100000
88,75000,84882,95676,100000,100000,100000
89,75000,81846,89622,97968,100000,100000
90,75000,84462,94680,100000,100000,100000
91,75000,84162,94512,100000,100000,100000
92,75000,83772,93540,100000,100000,100000
93,75000,84036,93906,100000,100000,100000
94,75000,84204,94476,100000,100000,100000
95,75000,82356,90000,98760,100000,100000
96,75000,84096,94104,100000,100000,100000
97,75000,85062,95994,100000,100000,100000
98,75000,84780,95118,100000,100000,100000
99,75000,83172,92298,100000,100000,100000
100,75000,82368,90396,99072,100000,100000
101,75000,84948,95526,100000,100000,100000
102,75000,82212,89850,98274,100000,100000
103,75000,82386,90342,98820,100000,100000
104,75000,84558,95058,100000,100000,100000
105,75000,82476,90870,100000,100000,100000
106,75000,82854,91722,100000,100000,100000
107,75000,82140,90102,98910,100000,100000
108,75000,84090,94230,100000,100000,100000
109,75000,83280,92154,100000,100000,100000
110,75000,82836,91434,100000,100000,100000
111,75000,84930,95940,100000,100000,100000
112,75000,84312,94440,100000,100000,100000
113,75000,83748,93264,100000,100000,100000
114,75000,84006,93636,100000,100000,100000
115,75000,84006,93630,100000,100000,100000
116,75000,82152,89748,98100,100000,100000
117,75000,83808,93222,100000,100000,100000
118,75000,84588,95136,100000,100000,100000
119,75000,83868,93600,100000,100000,100000
120,75000,83898,93522,100000,100000,100000
121,75000,82734,91206,100000,100000,100000
122,75000,83232,92316,100000,100000,100000
123,75000,83424,92262,100000,100000,100000
124,75000,82464,90660,99618,100000,100000
125,75000,82398,90786,99708,100000,100000
126,75000,84924,95532,100000,100000,100000
127,75000,82950,91524,100000,100000,100000
128,75000,82446,90594,99504,100000,100000
129,75000,85128,96018,100000,100000,100000
130,75000,82728,90924,99720,100000,100000
131,75000,82230,89982,98640,100000,100000
132,75000,83490,93060,100000,100000,100000
133,75000,84288,94518,100000,100000,100000
134,75000,83916,93552,100000,100000,100000
135,75000,84558,95016,100000,100000,100000
136,75000,83412,92766,100000,100000,100000
137,75000,83994,93888,100000,100000,100000
138,75000,83472,92742,100000,100000,100000
139,75000,82806,91266,100000,100000,100000
140,75000,82590,91062,100000,100000,100000
141,75000,82392,90108,98760,100000,100000
142,75000,84210,94158,100000,100000,100000
143,75000,83622,92628,100000,100000,100000
144,75000,82548,90726,99822,100000,100000
145,75000,82536,90930,99756,100000,100000
146,75000,82350,90192,98820,100000,100000
147,75000,83826,93426,100000,100000,100000
148,75000,84438,94674,100000,100000,100000
149,75000,84114,93786,100000,100000,100000
150,75000,82446,90456,99396,100000,100000
151,75000,82380,90504,99096,100000,100000
152,75000,83070,91638,100000,100000,100000
153,75000,83076,92202,100000,100000,100000
154,75000,82962,91752,100000,100000,100000
155,75000,84270,94338,100000,100000,100000
156,75000,83910,93804,100000,100000,100000
157,75000,83256,92112,100000,100000,100000
158,75000,82572,91068,100000,100000,100000
159,75000,83952,93834,100000,100000,100000
160,75000,84330,94464,100000,100000,100000
161,75000,82944,91458,100000,100000,100000
162,75000,84000,93828,100000,100000,100000
163,75000,84306,94476,100000,100000,100000
164,75000,84720,95346,100000,100000,100000
165,75000,82128,89916,98358,100000,100000
166,75000,83334,92226,100000,100000,100000
167,75000,83148,91686,100000,100000,100000
168,75000,84798,95466,100000,100000,100000
169,75000,83118,91902,100000,100000,100000
170,75000,83664,92982,100000,100000,100000
171,75000,84966,95988,100000,100000,100000
172,75000,83664,93396,100000,100000,100000
173,75000,82014,89556,98094,100000,100000
174,75000,84972,96018,100000,100000,100000
175,75000,83706,93144,100000,100000,100000
176,75000,83916,93828,100000,100000,100000
177,75000,81912,89502,97776,100000,100000
178,75000,83730,93150,100000,100000,100000
179,75000,83148,91890,100000,100000,100000
180,75000,82956,91488,100000,100000,100000
181,75000,84180,94194,100000,100000,100000
182,75000,84240,94230,100000,100000,100000
183,75000,83076,91878,100000,100000,100000
184,75000,82614,90780,99786,100000,100000
185,75000,82086,89820,98304,100000,100000
186,75000,82908,91230,100000,100000,100000
187,75000,84036,93918,100000,100000,100000
188,75000,83754,92790,100000,100000,100000
189,75000,84642,95142,100000,100000,100000
190,75000,84744,95376,100000,100000,100000
191,75000,82338,90984,100000,100000,100000
192,75000,83406,92544,100000,100000,100000
193,75000,84756,95370,100000,100000,100000
194,75000,84576,95196,100000,100000,100000
195,75000,84570,95190,100000,100000,100000
196,75000,82350,90540,99366,100000,100000
197,75000,85032,95796,100000,100000,100000
198,75000,82158,90042,98460,100000,100000
199,75000,84540,95196,100000,100000,100000
200,75000,83010,91542,100000,100000,100000
201,75000,82512,90834,99978,100000,100000
202,75000,83424,92334,100000,100000,100000
203,75000,83466,92580,100000,100000,100000
204,75000,84852,95592,100000,100000,100000
205,75000,83580,92616,100000,100000,100000
206,75000,84246,94512,100000,100000,100000
207,75000,84600,94938,100000,100000,100000
208,75000,82320,90576,99438,100000,100000
209,75000,83928,93540,100000,100000,100000
210,75000,83340,92556,100000,100000,100000
211,75000,82920,91422,100000,100000,100000
212,75000,82944,91602,100000,100000,100000
213,75000,82164,89982,98712,100000,100000
214,75000,83754,93396,100000,100000,100000
215,75000,82584,90852,99930,100000,100000
216,75000,83574,93144,100000,100000,100000
217,75000,84006,93846,100000,100000,100000
218,75000,84120,94080,100000,100000,100000
219,75000,84300,94626,100000,100000,100000
220,75000,83964,93966,100000,100000,100000
221,75000,83712,93060,100000,100000,100000
222,75000,84714,95364,100000,100000,100000
223,75000,83766,93408,100000,100000,100000
224,75000,83568,92856,100000,100000,100000
225,75000,83880,93714,100000,100000,100000
226,75000,83856,93390,100000,100000,100000
227,75000,82338,90162,98964,100000,100000
228,75000,82572,90804,99864,100000,100000
229,75000,82974,91584,100000,100000,100000
230,75000,84690,94998,100000,100000,100000
231,75000,82944,91356,100000,100000,100000
232,75000,84456,94896,100000,100000,100000
233,75000,83928,93606,100000,100000,100000
234,75000,83112,91884,100000,100000,100000
235,75000,84762,95418,100000,100000,100000
236,75000,81918,89376,97758,100000,100000
237,75000,84960,95766,100000,100000,100000
238,75000,83574,92964,100000,100000,100000
239,75000,83592,93078,100000,100000,100000
240,75000,83160,91962,100000,100000,100000
241,75000,82728,91152,100000,100000,100000
242,75000,84018,93606,100000,100000,100000
243,75000,82068,89880,98388,100000,100000
244,75000,84882,95688,100000,100000,100000
245,75000,83832,93384,100000,100000,100000
246,75000,82572,90738,99882,100000,100000
247,75000,83838,93720,100000,100000,100000
248,75000,83340,92400,100000,100000,100000
249,75000,81816,89226,97554,100000,100000
250,75000,84558,95010,100000,100000,100000
251,75000,84258,94242,100000,100000,100000
252,75000,83334,92688,100000,100000,100000
253,75000,84516,94908,100000,100000,100000
254,75000,83298,92664,100000,100000,100000
255,75000,82938,91458,100000,100000,100000
256,75000,84204,94248,100000,100000,100000
257,75000,84492,94896,100000,100000,100000
258,75000,82668,91122,100000,100000,100000
259,75000,84102,94122,100000,100000,100000
260,75000,84498,94968,100000,100000,100000
261,75000,82236,90186,99108,100000,100000
262,75000,84552,94944,100000,100000,100000
263,75000,83490,92844,100000,100000,100000
264,75000,81606,89184,97632,100000,100000
265,75000,83340,92418,100000,100000,100000
266,75000,84084,93876,100000,100000,100000
267,75000,82008,90066,98850,100000,100000
268,75000,84846,95652,100000,100000,100000
269,75000,82854,91620,100000,100000,100000
270,75000,82794,91092,100000,100000,100000
271,75000,84672,95010,100000,100000,100000
272,75000,82818,91380,100000,100000,100000
273,75000,84444,94746,100000,100000,100000
274,75000,82890,91518,100000,100000,100000
275,75000,81894,89688,98136,100000,100000
276,75000,83934,94092,100000,100000,100000
277,75000,84564,94968,100000,100000,100000
278,75000,82596,90444,99366,100000,100000
279,75000,83724,93306,100000,100000,100000
280,75000,84924,95712,100000,100000,100000
281,75000,82182,90126,98802,100000,100000
282,75000,82878,91416,100000,100000,100000
283,75000,84984,95808,100000,100000,100000
284,75000,83700,92904,100000,100000,100000
285,75000,83022,91998,100000,100000,100000
286,75000,83142,91986,100000,100000,100000
287,75000,83358,92484,100000,100000,100000
288,75000,83682,93108,100000,100000,100000
289,75000,82164,90156,98832,100000,100000
290,75000,82254,90210,98892,100000,100000
291,75000,84744,95340,100000,100000,100000
292,75000,84756,95430,100000,100000,100000
293,75000,84726,95148,100000,100000,100000
294,75000,83628,93108,100000,100000,100000
295,75000,82416,90540,99306,100000,100000
296,75000,82806,91242,100000,100000,100000
297,75000,83070,91746,100000,100000,100000
298,75000,83946,93894,100000,100000,100000
299,75000,82872,91506,100000,100000,100000
300,75000,82686,91188,100000,100000,100000
301,75000,83688,93192,100000,100000,100000
302,75000,83466,92604,100000,100000,100000
303,75000,83502,92844,100000,100000,100000
304,75000,82152,89958,98574,100000,100000
305,75000,83874,93720,100000,100000,100000
306,75000,84306,94356,100000,100000,100000
307,75000,84642,95028,100000,100000,100000
308,75000,83562,93126,100000,100000,100000
309,75000,83310,92634,100000,100000,100000
310,75000,84744,95562,100000,100000,100000
311,75000,84024,93846,100000,100000,100000
312,75000,82038,89862,98250,100000,100000
313,75000,84564,95100,100000,100000,100000
314,75000,84234,94164,100000,100000,100000
315,75000,84066,93954,100000,100000,100000
316,75000,84450,94842,100000,100000,100000
317,75000,82260,89838,98568,100000,100000
318,75000,83082,92394,100000,100000,100000
319,75000,82386,90558,99282,100000,100000
320,75000,83286,92280,100000,100000,100000
321,75000,83862,93240,100000,100000,100000
322,75000,82656,91380,100000,100000,100000
323,75000,82044,89754,97968,100000,100000
324,75000,82068,89604,97950,100000,100000
325,75000,83748,93516,100000,100000,100000
326,75000,84720,95190,100000,100000,100000
327,75000,84534,94944,100000,100000,100000
328,75000,82944,91434,100000,100000,100000
329,75000,81852,89544,98004,100000,100000
330,75000,85218,96270,100000,100000,100000
331,75000,81978,89616,97998,100000,100000
332,75000,83952,93894,100000,100000,100000
333,75000,84456,94614,100000,100000,100000
334,75000,83970,93858,100000,100000,100000
335,75000,84192,94302,100000,100000,100000
336,75000,82314,89880,98484,100000,100000
337,75000,84954,95826,100000,100000,100000
338,75000,83064,91914,100000,100000,100000
339,75000,84438,94860,100000,100000,100000
340,75000,85086,95910,100000,100000,100000
341,75000,82932,91344,100000,100000,100000
342,75000,83604,92862,100000,100000,100000
343,75000,83946,93786,100000,100000,100000
344,75000,84342,94458,100000,100000,100000
345,75000,84402,94830,100000,100000,100000
346,75000,85116,96108,100000,100000,100000
347,75000,81894,89508,97998,100000,100000
348,75000,84618,95082,100000,100000,100000
349,75000,84342,94524,100000,100000,100000
350,75000,82590,90702,99414,100000,100000
351,75000,83640,93306,100000,100000,100000
352,75000,82164,90066,98790,100000,100000
353,75000,82362,90606,99474,100000,100000
354,75000,84318,94236,100000,100000,100000
355,75000,83106,92100,100000,100000,100000
356,75000,84822,95682,100000,100000,100000
357,75000,83154,91740,100000,100000,100000
358,75000,84384,94548,100000,100000,100000
359,75000,82734,91248,100000,100000,100000
360,75000,82560,90684,99588,100000,100000
361,75000,84642,95322,100000,100000,100000
362,75000,82608,91188,100000,100000,100000
363,75000,83640,93186,100000,100000,100000
364,75000,84504,94974,100000,100000,100000
365,75000,83796,93336,100000,100000,100000
366,75000,84570,94932,100000,100000,100000
367,75000,83088,91872,100000,100000,100000
368,75000,83106,91800,100000,100000,100000
369,75000,83652,93078,100000,100000,100000
370,75000,83994,93702,100000,100000,100000
371,75000,84372,94656,100000,100000,100000
372,75000,83022,91800,100000,100000,100000
373,75000,82794,91086,100000,100000,100000
374,75000,83100,91908,100000,100000,100000
375,75000,84390,94662,100000,100000,100000
376,75000,84660,95220,100000,100000,100000
377,75000,83796,93528,100000,100000,100000
378,75000,83292,92226,100000,100000,100000
379,75000,82038,89652,98106,100000,100000
380,75000,84048,93960,100000,100000,100000
381,75000,83148,91854,100000,100000,100000
382,75000,83064,92064,100000,100000,100000
383,75000,82776,91410,100000,100000,100000
384,75000,84798,95508,100000,100000,100000
385,75000,84012,93798,100000,100000,100000
386,75000,84084,94182,100000,100000,100000
387,75000,83214,92028,100000,100000,100000
388,75000,82620,91350,100000,100000,100000
389,75000,82836,91518,100000,100000,100000
390,75000,84564,95034,100000,100000,100000
391,75000,82260,90090,98640,100000,100000
392,75000,82956,91770,100000,100000,100000
393,75000,84456,94554,100000,100000,100000
394,75000,82182,90006,98538,100000,100000
395,75000,84660,95190,100000,100000,100000
396,75000,83622,92946,100000,100000,100000
397,75000,83568,93054,100000,100000,100000
398,75000,85206,96114,100000,100000,100000
399,75000,82188,89946,98430,100000,100000
400,75000,82164,89970,98610,100000,100000
401,75000,82242,90270,98994,100000,100000
402,75000,82764,91140,100000,100000,100000
403,75000,84336,94446,100000,100000,100000
404,75000,82680,90852,99756,100000,100000
405,75000,82050,89664,98238,100000,100000
406,75000,82266,90180,98730,100000,100000
407,75000,83406,92514,100000,100000,100000
408,75000,83706,93198,100000,100000,100000
409,75000,83130,91956,100000,100000,100000
410,75000,83598,92742,100000,100000,100000
411,75000,83028,91794,100000,100000,100000
412,75000,84006,93810,100000,100000,100000
413,75000,84420,94746,100000,100000,100000
414,75000,84180,94314,100000,100000,100000
415,75000,82266,89922,98490,100000,100000
416,75000,83736,93294,100000,100000,100000
417,75000,84762,95382,100000,100000,100000
418,75000,84510,94968,100000,100000,100000
419,75000,82422,90288,99036,100000,100000
420,75000,84018,94038,100000,100000,100000
421,75000,82266,89982,98814,100000,100000
422,75000,82602,91074,100000,100000,100000
423,75000,84870,95520,100000,100000,100000
424,75000,82932,91740,100000,100000,100000
425,75000,83508,92526,100000,100000,100000
426,75000,83700,93216,100000,100000,100000
427,75000,84030,93558,100000,100000,100000
428,75000,83370,92652,100000,100000,100000
429,75000,83250,92484,100000,100000,100000
430,75000,82656,90954,100000,100000,100000
431,75000,84084,94212,100000,100000,100000
432,75000,83400,92856,100000,100000,100000
433,75000,85056,95988,100000,100000,100000
434,75000,83796,93438,100000,100000,100000
435,75000,82494,91014,100000,100000,100000
436,75000,84114,93882,100000,100000,100000
437,75000,83184,91656,100000,100000,100000
438,75000,83412,92670,100000,100000,100000
439,75000,84630,95202,100000,100000,100000
440,75000,84582,94944,100000,100000,100000
441,75000,84768,95172,100000,100000,100000
442,75000,82662,90942,100000,100000,100000
443,75000,82818,91386,100000,100000,100000
444,75000,83838,93306,100000,100000,100000
445,75000,84546,95124,100000,100000,100000
446,75000,82878,91836,100000,100000,100000
447,75000,84876,95784,100000,100000,100000
448,75000,83016,91842,100000,100000,100000
449,75000,85002,95964,100000,100000,100000
450,75000,83808,93528,100000,100000,100000
451,75000,82548,90822,100000,100000,100000
452,75000,82302,90270,99054,100000,100000
453,75000,82590,90810,99714,100000,100000
454,75000,82338,90168,99168,100000,100000
455,75000,83292,92640,100000,100000,100000
456,75000,83820,93624,100000,100000,100000
457,75000,84528,94728,100000,100000,100000
458,75000,84222,94260,100000,100000,100000
459,75000,82674,90666,99474,100000,100000
460,75000,83334,92430,100000,100000,100000
461,75000,82560,90642,99570,100000,100000
462,75000,82776,91392,100000,100000,100000
463,75000,84126,93918,100000,100000,100000
464,75000,84468,94998,100000,100000,100000
465,75000,84258,94506,100000,100000,100000
466,75000,84294,94056,100000,100000,100000
467,75000,84888,95664,100000,100000,100000
468,75000,83928,93558,100000,100000,100000
469,75000,85188,96222,100000,100000,100000
470,75000,82950,91842,100000,100000,100000
471,75000,84774,95268,100000,100000,100000
472,75000,83820,93444,100000,100000,100000
473,75000,84054,93972,100000,100000,100000
474,75000,83982,93888,100000,100000,100000
475,75000,84570,95028,100000,100000,100000
476,75000,82998,91578,100000,100000,100000
477,75000,84078,94386,100000,100000,100000
478,75000,82032,90198,98682,100000,100000
479,75000,82890,91512,100000,100000,100000
480,75000,82584,90888,99990,100000,100000
481,75000,84324,94428,100000,100000,100000
482,75000,82050,89700,98028,100000,100000
483,75000,84666,95058,100000,100000,100000
484,75000,82608,91056,100000,100000,100000
485,75000,84534,94776,100000,100000,100000
486,75000,83424,92700,100000,100000,100000
487,75000,83148,91956,100000,100000,100000
488,75000,83688,93276,100000,100000,100000
489,75000,83712,93066,100000,100000,100000
490,75000,82308,90150,98784,100000,100000
491,75000,84642,95406,100000,100000,100000
492,75000,83292,92244,100000,100000,100000
493,75000,82926,91854,100000,100000,100000
494,75000,84444,94710,100000,100000,100000
495,75000,84186,94284,100000,100000,100000
496,75000,84786,95502,100000,100000,100000
497,75000,82836,91422,100000,100000,100000
498,75000,83544,92958,100000,100000,100000
499,75000,82908,91686,100000,100000,100000
500,75000,84090,93942,100000,100000,100000
501,75000,83688,93366,100000,100000,100000
502,75000,84606,95076,100000,100000,100000
503,75000,82506,90996,100000,100000,100000
504,75000,83844,93402,100000,100000,100000
505,75000,84660,95106,100000,100000,100000
506,75000,83826,93576,100000,100000,100000
507,75000,84522,94662,100000,100000,100000
508,75000,82590,90780,99966,100000,100000
509,75000,81882,89436,97806,100000,100000
510,75000,83964,93798,100000,100000,100000
511,75000,82692,90972,99822,100000,100000
512,75000,84906,95868,100000,100000,100000
513,75000,82896,91620,100000,100000,100000
514,75000,84846,95802,100000,100000,100000
515,75000,83316,92316,100000,100000,100000
516,75000,84330,94494,100000,100000,100000
517,75000,82458,90474,99252,100000,100000
518,75000,83658,93096,100000,100000,100000
519,75000,84966,95634,100000,100000,100000
520,75000,85002,95850,100000,100000,100000
521,75000,82842,91356,100000,100000,100000
522,75000,84420,94608,100000,100000,100000
523,75000,83016,91812,100000,100000,100000
524,75000,83814,93426,100000,100000,100000
525,75000,83730,93516,100000,100000,100000
526,75000,84426,94788,100000,100000,100000
527,75000,83808,93288,100000,100000,100000
528,75000,83640,92904,100000,100000,100000
529,75000,83298,92346,100000,100000,100000
530,75000,84006,93972,100000,100000,100000
531,75000,84318,94506,100000,100000,100000
532,75000,82632,90840,100000,100000,100000
533,75000,84066,93948,100000,100000,100000
534,75000,84936,95982,100000,100000,100000
535,75000,83172,92082,100000,100000,100000
536,75000,83616,92730,100000,100000,100000
537,75000,84126,93912,100000,100000,100000
538,75000,84432,94716,100000,100000,100000
539,75000,84552,95130,100000,100000,100000
540,75000,83514,92946,100000,100000,100000
541,75000,83910,93774,100000,100000,100000
542,75000,83484,92574,100000,100000,100000
543,75000,83142,92064,100000,100000,100000
544,75000,83676,92958,100000,100000,100000
545,75000,83046,91686,100000,100000,100000
546,75000,84054,94026,100000,100000,100000
547,75000,81924,89826,98226,100000,100000
548,75000,84186,94164,100000,100000,100000
549,75000,85140,95928,100000,100000,100000
550,75000,84420,94728,100000,100000,100000
551,75000,82842,91398,100000,100000,100000
552,75000,83778,93432,100000,100000,100000
553,75000,83190,91800,100000,100000,100000
554,75000,82968,91548,100000,100000,100000
555,75000,83472,92652,100000,100000,100000
556,75000,83736,93312,100000,100000,100000
557,75000,84426,94734,100000,100000,100000
558,75000,82014,89592,97704,100000,100000
559,75000,84384,94818,100000,100000,100000
560,75000,82020,89772,98184,100000,100000
561,75000,83136,91986,100000,100000,100000
562,75000,82026,89724,98010,100000,100000
563,75000,84282,94554,100000,100000,100000
564,75000,83952,93552,100000,100000,100000
565,75000,84264,94374,100000,100000,100000
566,75000,84558,95058,100000,100000,100000
567,75000,82728,91104,100000,100000,100000
568,75000,84834,95712,100000,100000,100000
569,75000,83664,93228,100000,100000,100000
570,75000,83784,93186,100000,100000,100000
571,75000,82452,90654,99378,100000,100000
572,75000,82974,91362,100000,100000,100000
573,75000,82200,90096,98562,100000,100000
574,75000,84450,94926,100000,100000,100000
575,75000,82452,90624,99726,100000,100000
576,75000,83538,92838,100000,100000,100000
577,75000,82338,90420,99264,100000,100000
578,75000,81954,89406,97686,100000,100000
579,75000,83148,91986,100000,100000,100000
580,75000,83652,93126,100000,100000,100000
581,75000,82194,90618,99402,100000,100000
582,75000,83256,91938,100000,100000,100000
583,75000,83034,91752,100000,100000,100000
584,75000,83004,91812,100000,100000,100000
585,75000,83208,92058,100000,100000,100000
586,75000,83046,91488,100000,100000,100000
587,75000,83682,92994,100000,100000,100000
588,75000,82434,90366,99132,100000,100000
589,75000,84684,95220,100000,100000,100000
590,75000,84282,94380,100000,100000,100000
591,75000,83826,93684,100000,100000,100000
592,75000,82860,91254,100000,100000,100000
593,75000,83214,92202,100000,100000,100000
594,75000,83796,93474,100000,100000,100000
595,75000,83670,93504,100000,100000,100000
596,75000,82170,90186,98886,100000,100000
597,75000,84882,95790,100000,100000,100000
598,75000,83286,92538,100000,100000,100000
599,75000,82416,90450,99000,100000,100000
600,75000,82110,89844,98148,100000,100000
601,75000,83862,93504,100000,100000,100000
602,75000,84456,94770,100000,100000,100000
603,75000,83664,92988,100000,100000,100000
604,75000,84336,94506,100000,100000,100000
605,75000,83442,92676,100000,100000,100000
606,75000,83778,93336,100000,100000,100000
607,75000,83016,91620,100000,100000,100000
608,75000,82458,90792,100000,100000,100000
609,75000,83892,93636,100000,100000,100000
610,75000,84798,95562,100000,100000,100000
611,75000,84984,95970,100000,100000,100000
612,75000,84576,95196,100000,100000,100000
613,75000,83922,93366,100000,100000,100000
614,75000,84498,94746,100000,100000,100000
615,75000,84006,93894,100000,100000,100000
616,75000,84102,94044,100000,100000,100000
617,75000,83712,93204,100000,100000,100000
618,75000,84174,93918,100000,100000,100000
619,75000,83166,91932,100000,100000,100000
620,75000,82914,92022,100000,100000,100000
621,75000,84846,95610,100000,100000,100000
622,75000,82464,90858,99792,100000,100000
623,75000,83340,92892,100000,100000,100000
624,75000,84420,94632,100000,100000,100000
625,75000,84816,95472,100000,100000,100000
626,75000,83676,92874,100000,100000,100000
627,75000,84228,94422,100000,100000,100000
628,75000,84132,94146,100000,100000,100000
629,75000,83940,93714,100000,100000,100000
630,75000,82068,89712,98310,100000,100000
631,75000,82686,91464,100000,100000,100000
632,75000,82776,91368,100000,100000,100000
633,75000,82872,91494,100000,100000,100000
634,75000,83454,92472,100000,100000,100000
635,75000,82542,90930,100000,100000,100000
636,75000,84894,95700,100000,100000,100000
637,75000,82824,91200,100000,100000,100000
638,75000,84030,93834,100000,100000,100000
639,75000,83190,92148,100000,100000,100000
640,75000,84168,94194,100000,100000,100000
641,75000,84786,95292,100000,100000,100000
642,75000,82926,91776,100000,100000,100000
643,75000,82734,91122,100000,100000,100000
644,75000,83628,93096,100000,100000,100000
645,75000,82494,90366,98904,100000,100000
646,75000,82830,91608,100000,100000,100000
647,75000,83910,93720,100000,100000,100000
648,75000,83490,92556,100000,100000,100000
649,75000,84864,95586,100000,100000,100000
650,75000,82812,91074,100000,100000,100000
651,75000,82578,91068,100000,100000,100000
652,75000,82938,91374,100000,100000,100000
653,75000,84444,94632,100000,100000,100000
654,75000,82986,91668,100000,100000,100000
655,75000,84300,94668,100000,100000,100000
656,75000,81828,89700,98214,100000,100000
657,75000,84612,95172,100000,100000,100000
658,75000,81978,89712,97962,100000,100000
659,75000,83946,94026,100000,100000,100000
660,75000,85284,96318,100000,100000,100000
661,75000,81858,89466,98190,100000,100000
662,75000,84222,94410,100000,100000,100000
663,75000,84618,95250,100000,100000,100000
664,75000,82872,91614,100000,100000,100000
665,75000,83946,93984,100000,100000,100000
666,75000,83046,91800,100000,100000,100000
667,75000,83880,93456,100000,100000,100000
668,75000,83082,92118,100000,100000,100000
669,75000,82266,90138,98628,100000,100000
670,75000,82764,91110,100000,100000,100000
671,75000,84888,95520,100000,100000,100000
672,75000,82686,91014,100000,100000,100000
673,75000,84294,94524,100000,100000,100000
674,75000,82050,89706,97908,100000,100000
675,75000,82380,90630,99522,100000,100000
676,75000,83070,91902,100000,100000,100000
677,75000,84138,94320,100000,100000,100000
678,75000,82506,90894,100000,100000,100000
679,75000,83448,92778,100000,100000,100000
680,75000,82206,90372,99312,100000,100000
681,75000,84252,94566,100000,100000,100000
682,75000,83868,93558,100000,100000,100000
683,75000,84468,94944,100000,100000,100000
684,75000,85038,95628,100000,100000,100000
685,75000,84222,94218,100000,100000,100000
686,75000,82140,90102,98694,100000,100000
687,75000,82026,89970,98640,100000,100000
688,75000,83562,92748,100000,100000,100000
689,75000,84990,95868,100000,100000,100000
690,75000,84396,94590,100000,100000,100000
691,75000,83496,92754,100000,100000,100000
692,75000,82620,90774,99684,100000,100000
693,75000,83100,92040,100000,100000,100000
694,75000,84750,95568,100000,100000,100000
695,75000,83442,92712,100000,100000,100000
696,75000,84888,95592,100000,100000,100000
697,75000,83694,93174,100000,100000,100000
698,75000,84672,95136,100000,100000,100000
699,75000,82020,90186,99036,100000,100000
700,75000,84330,94422,100000,100000,100000
701,75000,83688,93252,100000,100000,100000
702,75000,82470,90576,99378,100000,100000
703,75000,83808,93396,100000,100000,100000
704,75000,82674,91068,100000,100000,100000
705,75000,84768,95316,100000,100000,100000
706,75000,83190,92292,100000,100000,100000
707,75000,84234,94428,100000,100000,100000
708,75000,83676,92724,100000,100000,100000
709,75000,84510,94938,100000,100000,100000
710,75000,83124,92184,100000,100000,100000
711,75000,84000,93624,100000,100000,100000
712,75000,84846,95634,100000,100000,100000
713,75000,83154,92058,100000,100000,100000
714,75000,84054,94236,100000,100000,100000
715,75000,83604,92712,100000,100000,100000
716,75000,82842,91644,100000,100000,100000
717,75000,85014,95730,100000,100000,100000
718,75000,84222,94182,100000,100000,100000
719,75000,83298,92676,100000,100000,100000
720,75000,82410,90432,99132,100000,100000
721,75000,83670,93384,100000,100000,100000
722,75000,83760,93384,100000,100000,100000
723,75000,83124,92046,100000,100000,100000
724,75000,83226,92346,100000,100000,100000
725,75000,82548,90564,99246,100000,100000
726,75000,83214,92388,100000,100000,100000
727,75000,83034,91776,100000,100000,100000
728,75000,82386,90336,98850,100000,100000
729,75000,83922,93582,100000,100000,100000
730,75000,84918,95604,100000,100000,100000
731,75000,83682,92856,100000,100000,100000
732,75000,84408,94434,100000,100000,100000
733,75000,83706,93480,100000,100000,100000
734,75000,84198,94158,100000,100000,100000
735,75000,82578,91200,100000,100000,100000
736,75000,82722,91458,100000,100000,100000
737,75000,82476,90444,98988,100000,100000
738,75000,81978,89844,98412,100000,100000
739,75000,84522,95046,100000,100000,100000
740,75000,83190,92094,100000,100000,100000
741,75000,82224,89952,98418,100000,100000
742,75000,82782,91248,100000,100000,100000
743,75000,84474,94794,100000,100000,100000
744,75000,82578,90636,99366,100000,100000
745,75000,83640,93096,100000,100000,100000
746,75000,82914,91674,100000,100000,100000
747,75000,83796,93324,100000,100000,100000
748,75000,84114,94056,100000,100000,100000
749,75000,84948,95796,100000,100000,100000
750,75000,84144,93942,100000,100000,100000
751,75000,84072,93948,100000,100000,100000
752,75000,84504,94740,100000,100000,100000
753,75000,84024,93810,100000,100000,100000
754,75000,83676,92982,100000,100000,100000
755,75000,83742,93450,100000,100000,100000
756,75000,84834,95448,100000,100000,100000
757,75000,82350,90846,99840,100000,100000
758,75000,84726,95340,100000,100000,100000
759,75000,83214,92172,100000,100000,100000
760,75000,84084,93960,100000,100000,100000
761,75000,83526,92880,100000,100000,100000
762,75000,82620,90930,99732,100000,100000
763,75000,84324,94668,100000,100000,100000
764,75000,84384,94704,100000,100000,100000
765,75000,84498,94824,100000,100000,100000
766,75000,84780,95346,100000,100000,100000
767,75000,82854,91332,100000,100000,100000
768,75000,83022,91770,100000,100000,100000
769,75000,84000,94020,100000,100000,100000
770,75000,83754,93624,100000,100000,100000
771,75000,84240,94188,100000,100000,100000
772,75000,82512,90840,99624,100000,100000
773,75000,84804,95532,100000,100000,100000
774,75000,84270,94404,100000,100000,100000
775,75000,84390,94824,100000,100000,100000
776,75000,84774,95472,100000,100000,100000
777,75000,84192,94272,100000,100000,100000
778,75000,83556,93000,100000,100000,100000
779,75000,83184,92076,100000,100000,100000
780,75000,84492,94656,100000,100000,100000
781,75000,84126,93912,100000,100000,100000
782,75000,83916,93708,100000,100000,100000
783,75000,82500,90642,99468,100000,100000
784,75000,82824,91176,100000,100000,100000
785,75000,84132,94134,100000,100000,100000
786,75000,83772,93192,100000,100000,100000
787,75000,83646,93054,100000,100000,100000
788,75000,84720,95712,100000,100000,100000
789,75000,83616,92718,100000,100000,100000
790,75000,82698,90990,100000,100000,100000
791,75000,83640,93162,100000,100000,100000
792,75000,81774,89328,97614,100000,100000
793,75000,82590,91152,100000,100000,100000
794,75000,84084,94074,100000,100000,100000
795,75000,82800,91452,100000,100000,100000
796,75000,82032,89532,97638,100000,100000
797,75000,83664,93162,100000,100000,100000
798,75000,82776,91590,100000,100000,100000
799,75000,85104,95982,100000,100000,100000
800,75000,84708,95220,100000,100000,100000
801,75000,84396,94572,100000,100000,100000
802,75000,83676,93078,100000,100000,100000
803,75000,82362,90366,99246,100000,100000
804,75000,82020,89730,98010,100000,100000
805,75000,85092,95892,100000,100000,100000
806,75000,83694,93078,100000,100000,100000
807,75000,84060,94044,100000,100000,100000
808,75000,83430,92616,100000,100000,100000
809,75000,82794,91380,100000,100000,100000
810,75000,84882,95616,100000,100000,100000
811,75000,82590,90822,99918,100000,100000
812,75000,83478,92856,100000,100000,100000
813,75000,83586,92718,100000,100000,100000
814,75000,82464,90552,99354,100000,100000
815,75000,82722,91266,100000,100000,100000
816,75000,84504,94722,100000,100000,100000
817,75000,83670,93084,100000,100000,100000
818,75000,82194,90078,98778,100000,100000
819,75000,84336,94626,100000,100000,100000
820,75000,84744,95238,100000,100000,100000
821,75000,82578,91080,100000,100000,100000
822,75000,83898,93510,100000,100000,100000
823,75000,82698,91116,100000,100000,100000
824,75000,82644,91248,100000,100000,100000
825,75000,84342,94458,100000,100000,100000
826,75000,84234,94488,100000,100000,100000
827,75000,81996,90072,98802,100000,100000
828,75000,84774,95376,100000,100000,100000
829,75000,83178,92478,100000,100000,100000
830,75000,84426,94674,100000,100000,100000
831,75000,84000,93804,100000,100000,100000
832,75000,83994,93792,100000,100000,100000
833,75000,83820,93168,100000,100000,100000
834,75000,82356,91104,100000,100000,100000
835,75000,82512,90768,99852,100000,100000
836,75000,84654,94920,100000,100000,100000
837,75000,82152,89898,98520,100000,100000
838,75000,83058,91554,100000,100000,100000
839,75000,82302,90216,98760,100000,100000
840,75000,83160,92142,100000,100000,100000
841,75000,82956,91752,100000,100000,100000
842,75000,83544,92904,100000,100000,100000
843,75000,83322,92328,100000,100000,100000
844,75000,85200,96216,100000,100000,100000
845,75000,84816,95688,100000,100000,100000
846,75000,84984,95910,100000,100000,100000
847,75000,82494,90300,98862,100000,100000
848,75000,84240,94254,100000,100000,100000
849,75000,83532,93108,100000,100000,100000
850,75000,84714,95538,100000,100000,100000
851,75000,83160,91818,100000,100000,100000
852,75000,82980,91674,100000,100000,100000
853,75000,84648,95160,100000,100000,100000
854,75000,84498,94794,100000,100000,100000
855,75000,82236,89706,98550,100000,100000
856,75000,83166,91920,100000,100000,100000
857,75000,82224,90366,99360,100000,100000
858,75000,84192,93930,100000,100000,100000
859,75000,84474,94746,100000,100000,100000
860,75000,84828,95586,100000,100000,100000
861,75000,82008,89796,98280,100000,100000
862,75000,84006,93984,100000,100000,100000
863,75000,84480,95118,100000,100000,100000
864,75000,84276,94266,100000,100000,100000
865,75000,84516,94794,100000,100000,100000
866,75000,84930,95568,100000,100000,100000
867,75000,83676,92838,100000,100000,100000
868,75000,85242,96300,100000,100000,100000
869,75000,83580,92868,100000,100000,100000
870,75000,82824,91182,100000,100000,100000
871,75000,84942,95946,100000,100000,100000
872,75000,84456,94926,100000,100000,100000
873,75000,82836,91428,100000,100000,100000
874,75000,82554,90720,99312,100000,100000
875,75000,84840,95754,100000,100000,100000
876,75000,82698,91350,100000,100000,100000
877,75000,83550,92490,100000,100000,100000
878,75000,84738,95382,100000,100000,100000
879,75000,82326,90366,99384,100000,100000
880,75000,82134,89808,98436,100000,100000
881,75000,82260,90648,99618,100000,100000
882,75000,82920,91548,100000,100000,100000
883,75000,82824,91542,100000,100000,100000
884,75000,83460,92886,100000,100000,100000
885,75000,83958,93768,100000,100000,100000
886,75000,83112,92310,100000,100000,100000
887,75000,85008,95682,100000,100000,100000
888,75000,84264,94464,100000,100000,100000
889,75000,84708,95514,100000,100000,100000
890,75000,82614,90882,99960,100000,100000
891,75000,83310,92502,100000,100000,100000
892,75000,81900,89742,98262,100000,100000
893,75000,82656,91122,100000,100000,100000
894,75000,84222,94422,100000,100000,100000
895,75000,84384,95130,100000,100000,100000
896,75000,84060,93816,100000,100000,100000
897,75000,85050,95958,100000,100000,100000
898,75000,82764,91032,100000,100000,100000
899,75000,84084,94218,100000,100000,100000
900,75000,84936,95904,100000,100000,100000
901,75000,83424,92352,100000,100000,100000
902,75000,82428,90426,99354,100000,100000
903,75000,82866,91362,100000,100000,100000
904,75000,82152,90150,98760,100000,100000
905,75000,82092,89748,98232,100000,100000
906,75000,84648,95328,100000,100000,100000
907,75000,83808,93432,100000,100000,100000
908,75000,82164,89994,98778,100000,100000
909,75000,84306,94488,100000,100000,100000
910,75000,84222,94308,100000,100000,100000
911,75000,84870,95706,100000,100000,100000
912,75000,84030,93978,100000,100000,100000
913,75000,83892,93834,100000,100000,100000
914,75000,83760,93378,100000,100000,100000
915,75000,84474,94872,100000,100000,100000
916,75000,83934,93702,100000,100000,100000
917,75000,82848,91542,100000,100000,100000
918,75000,83460,92748,100000,100000,100000
919,75000,83418,92526,100000,100000,100000
920,75000,82500,90624,99714,100000,100000
921,75000,83100,91872,100000,100000,100000
922,75000,83136,92316,100000,100000,100000
923,75000,83388,92484,100000,100000,100000
924,75000,82512,91098,100000,100000,100000
925,75000,84888,95418,100000,100000,100000
926,75000,84600,94848,100000,100000,100000
927,75000,82056,89814,97998,100000,100000
928,75000,84234,94392,100000,100000,100000
929,75000,83934,93732,100000,100000,100000
930,75000,82626,90972,100000,100000,100000
931,75000,82962,91860,100000,100000,100000
932,75000,81990,89772,98178,100000,100000
933,75000,83088,91932,100000,100000,100000
934,75000,84000,93612,100000,100000,100000
935,75000,84846,95676,100000,100000,100000
936,75000,83514,92844,100000,100000,100000
937,75000,83268,92052,100000,100000,100000
938,75000,84720,95370,100000,100000,100000
939,75000,83076,91692,100000,100000,100000
940,75000,82464,90486,99330,100000,100000
941,75000,84984,95850,100000,100000,100000
942,75000,84492,94950,100000,100000,100000
943,75000,84006,93528,100000,100000,100000
944,75000,84888,95700,100000,100000,100000
945,75000,84402,94806,100000,100000,100000
946,75000,84624,95190,100000,100000,100000
947,75000,83436,92298,100000,100000,100000
948,75000,83628,93096,100000,100000,100000
949,75000,82050,89904,98370,100000,100000
950,75000,83592,92952,100000,100000,100000
951,75000,83856,93576,100000,100000,100000
952,75000,82422,90468,99336,100000,100000
953,75000,82236,90126,98670,100000,100000
954,75000,82836,91572,100000,100000,100000
955,75000,82320,90300,99042,100000,100000
956,75000,83478,93024,100000,100000,100000
957,75000,83964,93690,100000,100000,100000
958,75000,83832,93648,100000,100000,100000
959,75000,84762,95442,100000,100000,100000
960,75000,84210,94284,100000,100000,100000
961,75000,84042,94194,100000,100000,100000
962,75000,84156,94212,100000,100000,100000
963,75000,84774,95094,100000,100000,100000
964,75000,83340,92520,100000,100000,100000
965,75000,84174,94134,100000,100000,100000
966,75000,83100,92016,100000,100000,100000
967,75000,84198,94518,100000,100000,100000
968,75000,82740,91140,100000,100000,100000
969,75000,84912,95766,100000,100000,100000
970,75000,83166,92166,100000,100000,100000
971,75000,84906,95850,100000,100000,100000
972,75000,83244,92028,100000,100000,100000
973,75000,82200,90066,98568,100000,100000
974,75000,84030,93828,100000,100000,100000
975,75000,84990,95778,100000,100000,100000
976,75000,82188,90288,99300,100000,100000
977,75000,83412,92538,100000,100000,100000
978,75000,84954,95892,100000,100000,100000
979,75000,82290,90276,98928,100000,100000
980,75000,84888,95334,100000,100000,100000
981,75000,84678,95124,100000,100000,100000
982,75000,82500,90954,100000,100000,100000
983,75000,82326,90282,98958,100000,100000
984,75000,82440,90930,100000,100000,100000
985,75000,84588,95130,100000,100000,100000
986,75000,83562,92856,100000,100000,100000
987,75000,84882,95712,100000,100000,100000
988,75000,84756,95196,100000,100000,100000
989,75000,82938,91578,100000,100000,100000
990,75000,82764,91410,100000,100000,100000
991,75000,83118,91914,100000,100000,100000
992,75000,84270,94428,100000,100000,100000
993,75000,84702,95532,100000,100000,100000
994,75000,84420,94830,100000,100000,100000
995,75000,84948,95790,100000,100000,100000
996,75000,82692,91230,100000,100000,100000
997,75000,83334,92394,100000,100000,100000
998,75000,84114,94122,100000,100000,100000
999,75000,84348,94746,100000,100000,100000
1000,75000,82752,91404,100000,100000,100000